movie_id,overview,poster_path,vote_average
1022789,"13살이 된 라일리의 행복을 위해 매일 바쁘게 머릿속 감정 컨트롤 본부를 운영하는 ‘기쁨’, ‘슬픔’, ‘버럭’, ‘까칠’, ‘소심’. 그러던 어느 날, 낯선 감정인 ‘불안’, ‘당황’, ‘따분’, ‘부럽’이가 본부에 등장하고, 언제나 최악의 상황을 대비하며 제멋대로인 ‘불안’이와 기존 감정들은 계속 충돌한다. 결국 새로운 감정들에 의해 본부에서 쫓겨나게 된 기존 감정들은 다시 본부로 돌아가기 위해 위험천만한 모험을 시작하는데…",/x2BHx02jMbvpKjMvbf8XxJkYwHJ.jpg,7.5
653346,"진화한 유인원과 퇴화된 인간들이 살아가는 땅. 유인원 리더 프록시무스는 완전한 군림을 위해 인간들을 사냥하며 자신의 제국을 건설한다. 한편, 또 다른 유인원 노아는 우연히 숨겨진 과거의 이야기와 시저의 가르침을 듣게 되고 인간과 유인원이 함께 할 새로운 세상을 꿈꾼다. 어느 날 그의 앞에 나타난 의문의 한 인간 소녀. 노아는 그녀와 함께 자유를 향한 여정을 시작하게 되는데…",/caNBYk7beRAg8Tcpe7ZjzM2nYXH.jpg,7.048
573435,마이애미 강력반 최고의 콤비 마이크와 마커스. 가족 같은 하워드 반장이 사망 전 마약 카르텔 조직의 비리에 연루되었다는 뉴스 속보를 접하게 된다. 하지만 아무도 믿지 말라는 하워드 반장의 비밀 메시지를 받은 마이크와 마커스 형사는 사건의 진실을 밝히기 위해 위험한 수사를 시작한다. 서서히 드러나는 거대한 음모와 마주하게 된 나쁜 녀석들. 그러나 이들 역시 함정에 빠져 사건의 용의자로 지목되며 동료 경찰들은 물론 마약 카르텔 조직에게도 쫓기는 신세가 되고 마는데…,/wIrhEUBWjRmZuL1Ix41cF2LhJrW.jpg,7.312
1001311,"국제 대회를 앞둔 파리의 센강에 거대한 상어가 나타난다. 유혈 사태를 막고자 소환되는 한 과학자. 당면한 문제를 해결하려면, 자신을 사로잡고 있는 과거의 비극부터 마주해야 한다.",/iqTyxjbtWImvdXysxqvLzTF2sHB.jpg,5.9
823464,"두 타이탄의 전설적인 대결 이후 할로우 어스에 남은 콩은 드디어 애타게 찾던 동족을 발견하지만 그 뒤에 도사리고 있는 예상치 못한 위협에 맞닥뜨린다. 한편, 깊은 동면에 빠진 고질라는 알 수 없는 신호로 인해 깨어나고 푸른 눈의 폭군 스카 킹의 지배 아래 위기에 처한 할로우 어스를 마주하게 된다. 할로우 어스는 물론, 지구상에도 출몰해 전세계를 초토화시키는 타이탄들의 도발 속에서 고질라와 콩은 사상 처음으로 한 팀을 이뤄 반격에 나서기로 하는데…",/4z1VMmlxHrziG45901esjB4dpIa.jpg,7.035
955555,"베트남 납치 살해범 검거 후 7년 뒤, 마석도는 새로운 팀원들과 함께 살인사건을 조사한다. 사건 조사 중 마석도는 신종 마약 사건이 연루되었음을 알게 되고 수사를 확대한다. 한편 마약 사건의 배후인 주성철은 계속해서 판을 키워가고, 약을 유통하던 일본 조직과 리키까지 한국에 들어오며 사건의 규모는 점점 더 커져가는데...",/kPtNokhBtgwSp3MHaR3X4O0SPbF.jpg,7.2
929590,"극단적 분열로 역사상 최악의 내전이 벌어진 미국. 연방 정부의 무차별 폭격과 서로를 향한 총탄이 빗발치는 상황 속에서 기자 리와 조엘, 새미 그리고 제시는 대통령을 인터뷰하기 위해 워싱턴으로 향한다. 내 편이 아니라면 바로 적이 되는 숨 막히는 현실, 이들은 전쟁의 순간을 누구보다 생생하게 마주하게 된다.",/17aLLBfhf63QsSraVUJtaONnb6L.jpg,6.844
626412,"인간의 뇌 속에 갇혀 있는 외계인 포로들의 탈출을 막으려다 먼 과거에 갇혀버린 이안과 썬더는 시간을 관통하는 문을 열 수 있는 신검을 얻게 된다. 한편, 이안의 탈출을 도왔던 무륵은 자신의 몸에 이상한 존재가 있다는 것을 느끼자 혼란에 빠진다. 무륵의 몸에 숨어있는 외계인으로 의심되는 존재가 이안과 무륵을 추격하기 시작하고, 이안은 미래로 돌아가 외계인과 맞서 하바의 폭발을 막아야만 하는데.  마침내 시간의 문이 열리고 무륵, 이안, 썬더의 비밀이 드러나기 시작한다!",/epEn2mSjSAKQspivRufrqlnC1lq.jpg,6.7
150540,"모든 사람의 머릿속에 존재하는 감정 컨트롤 본부. 그곳에서 불철주야 열심히 일하는 기쁨, 슬픔, 버럭, 까칠, 소심 다섯 감정들. 정든 옛 동네를 떠나 도시로 이사하는 라일리 가족. 이사 후 새로운 환경에 적응해야 하는 라일리를 위해 그 어느 때 보다 바쁘게 감정의 신호를 보내지만 우연한 실수로 기쁨과 슬픔이 본부를 이탈하게 되자 라일리의 마음 속에 큰 변화가 찾아온다. 라일리가 예전의 모습을 되찾기 위해서는 기쁨과 슬픔이 본부로 돌아가야만 한다. 그러나 엄청난 기억들이 저장되어 있는 머릿속 세계에서 본부까지 가는 길은 험난하기만 한데...",/rMXHvHzpuYZXrJUhRVJ3TvDSwe5.jpg,7.905
974635,경찰의 의뢰로 부업 삼아 살인 청부업자 행세를 하는 온화한 성품의 교수. 그런 그가 잠재 고객에게 끌리기 시작하면서 여러 문제가 연쇄적으로 터져 나온다.,/zREAzThdoALNhci72PuN3bH22BZ.jpg,6.772
719221,"한 무리의 친구들이 타로 카드 읽기의 가장 중요한 규칙인 '타인의 카드 덱을 사용하지 말라'는 것을 무모하게 어긴다. 이로 인해 저주받은 카드 안에 갇혀있던 악마가 풀려나오게 되고, 하나둘씩 운명과 마주치며 카드 읽기에서 예견된 미래로부터 벗어나기 위해 죽음과의 치열한 레이스를 펼치게 된다.",/erwpgkq6ItaNLBDwkU7OWvKFWW8.jpg,6.333
614933,"AI를 극도로 불신하는 탁월한 대테러 분석가. 로봇 반역자를 체포하러 나선 임무가 틀어지면서, AI에 의지할 수밖에 없는 상황을 맞닥뜨린다.",/4kiTWS2p1dCIKZI0pQwDfRdhWm6.jpg,6.636
746036,잠수 이별을 택하고 후회뿐인 날을 보내던 스턴트맨 콜트. 영화감독이 된 전 여친 조디의 촬영장에 복귀하며 아련한 재회를 기대했지만… 갑자기 주연배우가 사라지고 콜트는 우선 그부터 찾아야만 한다.,/aUZ176q7ldMaPLYVnmaFWK4CApE.jpg,6.951
38700,"마이애미 강력반의 베테랑 형사 마이크는 여전히 범죄자를 소탕하는 데 열성적이지만, 그의 파트너 마커스는 이제 일선에서 물러나 가족과 함께 시간을 보내고 싶어한다. 마커스의 은퇴를 만류하던 마이크가 정체를 알 수 없는 거대 조직의 위협을 받으며 일생일대의 위험에 빠지게 된다. 가족만큼 중요한 마이크를 위해 마커스가 합류하고, 우리의 나쁜 녀석들은 신식 무기와 기술을 장착한 루키팀 AMMO와 함께 힘을 합쳐 일생일대 마지막 미션을 수행하게 되는데…",/nK39gwD8ma9O2fOLth57qSwb9e.jpg,7.105
1025463,로봇 보철물의 발전으로 스포츠 혁명이 일어난 미래의 디스토피아 세계. 멀리뛰기 종목에서 라이벌 관계인 두 자매가 과도한 경쟁심으로 인해 불길한 상황으로 내몰린다.,/rkXhWkJlCG9nuBnTMeW7xg3GhCu.jpg,5.9
1011985,"마침내 내면의 평화… 냉면의 평화…가 찾아왔다고 믿는 용의 전사 ‘포’ 이젠 평화의 계곡의 영적 지도자가 되고, 자신을 대신할 후계자를 찾아야만 한다. “이제 용의 전사는 그만둬야 해요?” 용의 전사로의 모습이 익숙해지고 새로운 성장을 하기보다 지금 이대로가 좋은 ‘포’ 하지만 모든 쿵푸 마스터들의 능력을 그대로 복제하는 강력한 빌런 ‘카멜레온’이 나타나고 그녀를 막기 위해 정체를 알 수 없는 쿵푸 고수 ‘젠’과 함께 모험을 떠나게 되는데… 포는 가장 강력한 빌런과 자기 자신마저 뛰어넘고 진정한 변화를 할 수 있을까?",/fvtswV04JfLGxxrjxW4t4j8bPhx.jpg,6.993
786892,"문명 붕괴 45년 후, 황폐해진 세상 속 누구에게도 알려지지 않은 풍요가 가득한 녹색의 땅에서 자란 퓨리오사는 바이커 군단의 폭군 디멘투스의 손에 모든 것을 잃고 만다. 가족도 행복도 모두 빼앗기고 세상에 홀로 내던져진 퓨리오사는 반드시 고향으로 돌아가겠다는 어머니와의 약속을 지키기 위해 인생 전부를 건 복수를 시작하는데...",/zaUFDdJidS4Nyyd6jb2Ok3Kq4Vo.jpg,7.442
1263421,이것이 궁극의 대결이다. 《한마 바키》와 《켄간 아슈라》의 최강 투사들이 격돌하는 전대미문의 과격 격투 크로스오버.,/d4r1Y2RDDLWzwVgKoaXSjyUD61B.jpg,7.7
1136318,"세계 2차 대전, 영국은 위기에 처했다. 하늘을 가득 메운 독일군이 무자비한 공습을 퍼붓던 시절, 압도적으로 불리한 상황에서도 마지막 한 명까지 조국을 지키기 위해 치열한 공방을 벌인 영국 공군들의 이야기.",/xZsUqngjeoNHD9Sl7Kp5yUhwBfJ.jpg,7.1
437342,"수녀가 되기 위해 로마에 가게 된 마거릿. 그곳에서 새로운 삶을 시작하려는 그때, 믿음을 뒤흔드는 어둠의 그림자를 마주한다.  서서히 조여오는 끔찍한 공포가 마침내 정체를 드러내기 시작하는데...",/kPCqNfr9WdqKrMETKSFTj6nfmd.jpg,6.792
